SNPID	Trait	BETA	SE	chisq_het	df_het	P_het	Z	P
rs10196612	MYO	0.0318637580003064	0.0659485364055178	4.0798825566489	1	0.0433966750530175	0.483160957574191	0.628981454563018
rs4728142	MYO	0.123994778360416	0.0658709200427467	0.043366726518975	1	0.835036274359794	1.88239026083057	0.0597830472789226
rs2476601	MYO	-0.210449110079365	0.0956288894415	0.00640592324552841	1	0.936207819281783	-2.20068549690839	0.0277582962383219
