SNPID	Trait	BETA	SE	chisq_het	df_het	P_het
rs10196612	MYO	0.125667173907179	0.0359505422745462	6.95843956158408	2	0.0308314569459082
rs10196612	DM	0.1402962974505	0.0526341490071921	1.46043446830644	1	0.226861004957697
rs10196612	PM	0.113206520498734	0.0676200928089613	1.95576632892283	1	0.161966826614939
rs4728142	MYO	0.144755358120196	0.0340488272670833	0.178916529370986	2	0.9144264282025
rs4728142	DM	0.224349676004392	0.0497905695659921	2.46902468501049	1	0.116109952612831
rs4728142	PM	0.184233264222415	0.0650259911266825	0.802595487777133	1	0.370318492561561
rs2476601	MYO	-0.190887817640003	0.055231267777808	0.0691922011562013	2	0.965995502499477
rs2476601	DM	-0.23654270909964	0.0806827255840787	11.924693505501	1	0.000553947403222788
